LINK_,ST_NAME,REF_IN_ID,NREF_IN_ID,FUNC_CLASS,DIR_TRAVEL,NUM_PHYS_LANES,SPEED_KPH,LENGTH(meters),CAPACITY(veh/hour),RAMP
Redacted,Redacted,Redacted,Redacted,5,F,1,40,200.5786582,1000,N
Redacted,Redacted,Redacted,Redacted,5,F,1,40,169.9976297,1000,N
Redacted,Redacted,Redacted,Redacted,5,F,1,40,75.87716028,1000,N
Redacted,Redacted,Redacted,Redacted,5,F,1,40,76.82893886,1000,N
Redacted,Redacted,Redacted,Redacted,5,F,1,40,519.6448356,1000,N
Redacted,Redacted,Redacted,Redacted,5,F,1,40,52.1540761,1000,N
Redacted,Redacted,Redacted,Redacted,5,F,1,40,85.28421643,1000,N
Redacted,Redacted,Redacted,Redacted,5,F,1,40,258.9071623,1000,N
Redacted,Redacted,Redacted,Redacted,5,F,1,40,94.12951052,1000,N
Redacted,Redacted,Redacted,Redacted,5,F,1,40,40.10239865,1000,N
Redacted,Redacted,Redacted,Redacted,5,F,1,40,25.62616471,1000,N
Redacted,Redacted,Redacted,Redacted,5,F,1,40,51.58204243,1000,N
Redacted,Redacted,Redacted,Redacted,5,F,1,40,6.154320837,1000,N
Redacted,Redacted,Redacted,Redacted,5,F,1,40,150.9743875,1000,N
Redacted,Redacted,Redacted,Redacted,5,F,1,40,98.03332755,1000,N
Redacted,Redacted,Redacted,Redacted,5,F,1,40,82.58842869,1000,N
Redacted,Redacted,Redacted,Redacted,5,F,1,40,173.705516,1000,N
Redacted,Redacted,Redacted,Redacted,5,F,1,40,162.9099826,1000,N
Redacted,Redacted,Redacted,Redacted,5,F,1,40,159.6332095,1000,N
Redacted,Redacted,Redacted,Redacted,5,F,1,40,46.04317189,1000,N
Redacted,Redacted,Redacted,Redacted,5,F,1,40,66.00538352,1000,N
Redacted,Redacted,Redacted,Redacted,5,F,1,20,100.6724594,600,N
Redacted,Redacted,Redacted,Redacted,5,F,1,20,121.8388705,600,N
Redacted,Redacted,Redacted,Redacted,5,F,1,40,25.36060787,1000,N
Redacted,Redacted,Redacted,Redacted,5,F,1,40,90.5728305,1000,N
Redacted,Redacted,Redacted,Redacted,5,F,1,40,91.41066019,1000,N
Redacted,Redacted,Redacted,Redacted,5,F,1,40,314.8180078,1000,N
Redacted,Redacted,Redacted,Redacted,5,F,1,40,20.13380277,1000,N
Redacted,Redacted,Redacted,Redacted,5,F,1,40,99.77871803,1000,N
Redacted,Redacted,Redacted,Redacted,5,F,1,40,102.8041173,1000,N
Redacted,Redacted,Redacted,Redacted,5,F,1,40,257.0054022,1000,N
Redacted,Redacted,Redacted,Redacted,5,F,1,40,48.33200446,1000,N
Redacted,Redacted,Redacted,Redacted,5,F,1,40,97.6885258,1000,N
Redacted,Redacted,Redacted,Redacted,5,F,1,40,78.48071358,1000,N
Redacted,Redacted,Redacted,Redacted,5,F,1,40,93.27058727,1000,N
Redacted,Redacted,Redacted,Redacted,5,F,1,40,44.8860572,1000,N
Redacted,Redacted,Redacted,Redacted,5,F,1,40,146.0591116,1000,N
Redacted,Redacted,Redacted,Redacted,5,F,1,40,85.34531507,1000,N
Redacted,Redacted,Redacted,Redacted,5,F,1,40,76.5548997,1000,N
Redacted,Redacted,Redacted,Redacted,5,F,1,40,76.5548997,1000,N
Redacted,Redacted,Redacted,Redacted,5,F,1,40,61.16353842,1000,N
Redacted,Redacted,Redacted,Redacted,5,F,1,40,60.64599984,1000,N
Redacted,Redacted,Redacted,Redacted,5,F,1,40,166.3291961,1000,N
Redacted,Redacted,Redacted,Redacted,5,F,1,40,101.6369528,1000,N
Redacted,Redacted,Redacted,Redacted,5,F,1,40,83.47135131,1000,N
Redacted,Redacted,Redacted,Redacted,5,F,1,40,72.49058075,1000,N
Redacted,Redacted,Redacted,Redacted,5,F,1,40,93.88428722,1000,N
Redacted,Redacted,Redacted,Redacted,5,F,1,40,267.8662007,1000,N
Redacted,Redacted,Redacted,Redacted,5,F,1,40,41.3501819,1000,N
Redacted,Redacted,Redacted,Redacted,5,F,1,40,74.76346982,1000,N
Redacted,Redacted,Redacted,Redacted,5,F,1,40,60.69381994,1000,N
Redacted,Redacted,Redacted,Redacted,5,F,1,40,73.88410528,1000,N
Redacted,Redacted,Redacted,Redacted,5,F,1,40,80.10152933,1000,N
Redacted,Redacted,Redacted,Redacted,5,F,1,40,108.5272027,1000,N
Redacted,Redacted,Redacted,Redacted,5,F,1,40,208.9146466,1000,N
Redacted,Redacted,Redacted,Redacted,5,F,1,40,104.6147235,1000,N
Redacted,Redacted,Redacted,Redacted,5,F,1,40,101.3185366,1000,N
Redacted,Redacted,Redacted,Redacted,5,F,1,40,94.21834168,1000,N
Redacted,Redacted,Redacted,Redacted,5,F,1,40,92.75679622,1000,N
Redacted,Redacted,Redacted,Redacted,5,F,1,40,64.25259515,1000,N
Redacted,Redacted,Redacted,Redacted,5,F,1,40,45.03028504,1000,N
Redacted,Redacted,Redacted,Redacted,5,F,1,40,104.6143918,1000,N
Redacted,Redacted,Redacted,Redacted,5,F,1,40,105.7137169,1000,N
Redacted,Redacted,Redacted,Redacted,5,F,1,40,98.1580518,1000,N
Redacted,Redacted,Redacted,Redacted,5,F,1,40,94.01288201,1000,N
Redacted,Redacted,Redacted,Redacted,5,F,1,40,94.04580545,1000,N
Redacted,Redacted,Redacted,Redacted,5,F,1,40,68.75886941,1000,N
Redacted,Redacted,Redacted,Redacted,5,F,2,40,79.59474085,2000,N
Redacted,Redacted,Redacted,Redacted,5,F,2,40,44.4756831,2000,N
Redacted,Redacted,Redacted,Redacted,5,F,2,40,72.09762586,2000,N
Redacted,Redacted,Redacted,Redacted,5,F,2,40,81.32433883,2000,N
Redacted,Redacted,Redacted,Redacted,5,F,1,40,164.0438228,1000,N
Redacted,Redacted,Redacted,Redacted,5,F,1,40,110.9334038,1000,N
Redacted,Redacted,Redacted,Redacted,5,F,1,40,111.3260491,1000,N
Redacted,Redacted,Redacted,Redacted,5,F,1,40,72.60730365,1000,N
Redacted,Redacted,Redacted,Redacted,5,F,1,40,40.8461068,1000,N
Redacted,Redacted,Redacted,Redacted,5,F,1,40,35.75478635,1000,N
Redacted,Redacted,Redacted,Redacted,5,F,1,40,140.1157234,1000,N
Redacted,Redacted,Redacted,Redacted,5,F,1,40,206.8225636,1000,N
Redacted,Redacted,Redacted,Redacted,5,F,1,40,142.5401196,1000,N
Redacted,Redacted,Redacted,Redacted,5,F,1,40,157.8992469,1000,N
Redacted,Redacted,Redacted,Redacted,5,F,1,40,201.280124,1000,N
Redacted,Redacted,Redacted,Redacted,5,F,1,40,92.29598282,1000,N
Redacted,Redacted,Redacted,Redacted,5,F,1,40,123.4271377,1000,N
Redacted,Redacted,Redacted,Redacted,5,F,1,40,261.0258585,1000,N
Redacted,Redacted,Redacted,Redacted,5,F,1,40,51.16318606,1000,N
Redacted,Redacted,Redacted,Redacted,5,F,1,40,78.50841391,1000,N
Redacted,Redacted,Redacted,Redacted,5,F,1,40,71.69162746,1000,N
Redacted,Redacted,Redacted,Redacted,5,F,1,40,150.4901412,1000,N
Redacted,Redacted,Redacted,Redacted,5,F,1,40,69.16259288,1000,N
Redacted,Redacted,Redacted,Redacted,5,F,1,40,60.67757174,1000,N
Redacted,Redacted,Redacted,Redacted,5,F,1,40,40.13337969,1000,N
Redacted,Redacted,Redacted,Redacted,5,F,1,40,27.70024736,1000,N
Redacted,Redacted,Redacted,Redacted,5,F,1,40,105.0273572,1000,N
Redacted,Redacted,Redacted,Redacted,5,F,1,40,161.1180595,1000,N
Redacted,Redacted,Redacted,Redacted,5,F,1,40,87.13933529,1000,N
Redacted,Redacted,Redacted,Redacted,5,F,1,40,142.0110157,1000,N
Redacted,Redacted,Redacted,Redacted,5,F,1,40,31.05903897,1000,N
Redacted,Redacted,Redacted,Redacted,5,F,1,40,159.8669827,1000,N