NODE_ID,geometry,LON,LAT,geom
,POINT (-122.42562 37.61791),,,POINT (-122.42562 37.61790999999999)
,POINT (-122.42776 37.6181),,,POINT (-122.42776 37.6181)
,POINT (-122.42965 37.61779),,,POINT (-122.42965 37.61779)
,POINT (-122.43051 37.61775),,,POINT (-122.43051 37.61775)
,POINT (-122.43138 37.6177),,,POINT (-122.43138 37.6177)
,POINT (-122.43539 37.61863),,,POINT (-122.43539 37.61863)
,POINT (-122.2139 37.42808),,,POINT (-122.2139 37.42808)
,POINT (-122.21332 37.42815),,,POINT (-122.21332 37.42815)
,POINT (-122.21345 37.42891),,,POINT (-122.21345 37.42890999999999)
,POINT (-122.42764 37.73968),,,POINT (-122.42764 37.73968)
,POINT (-122.42789 37.742),,,POINT (-122.42789 37.742)
,POINT (-122.42743 37.73886),,,POINT (-122.42743 37.73886)
,POINT (-122.42778 37.73966),,,POINT (-122.42778 37.73966)
,POINT (-122.3847 37.73374),,,POINT (-122.3847 37.73374)
,POINT (-122.38481 37.73409),,,POINT (-122.38481 37.73409)
,POINT (-122.4479 37.70949),,,POINT (-122.4479 37.70949)
,POINT (-122.44802 37.7097),,,POINT (-122.44802 37.7097)
,POINT (-122.44768 37.70906),,,POINT (-122.44768 37.70906)
,POINT (-122.44724 37.70824),,,POINT (-122.44724 37.70824)
,POINT (-122.44727 37.70829),,,POINT (-122.44727 37.70829000000001)
,POINT (-122.44635 37.70659),,,POINT (-122.44635 37.70659000000001)
,POINT (-122.44702 37.70784),,,POINT (-122.44702 37.70784)
,POINT (-122.44591 37.70578),,,POINT (-122.44591 37.70578)
,POINT (-122.33693 37.56377),,,POINT (-122.33693 37.56377)
,POINT (-122.33766 37.56422),,,POINT (-122.33766 37.56422)
,POINT (-122.26276 37.56725),,,POINT (-122.26276 37.56725)
,POINT (-122.26452 37.56786),,,POINT (-122.26452 37.56786)
,POINT (-122.26097 37.5669),,,POINT (-122.26097 37.5669)
,POINT (-122.51342 37.52749),,,POINT (-122.51342 37.52749)
,POINT (-122.51504 37.52811),,,POINT (-122.51504 37.52811)
,POINT (-122.51549 37.52832),,,POINT (-122.51549 37.52832)
,POINT (-122.51615 37.5286),,,POINT (-122.51615 37.5286)
,POINT (-122.20497 37.46568),,,POINT (-122.20497 37.46568)
,POINT (-122.20437 37.46645),,,POINT (-122.20437 37.46645)
,POINT (-122.20364 37.46738),,,POINT (-122.20364 37.46738)
,POINT (-122.40012 37.71656),,,POINT (-122.40012 37.71656)
,POINT (-122.39985 37.71664),,,POINT (-122.39985 37.71664000000001)
,POINT (-122.4011 37.71631),,,POINT (-122.4011 37.71631)
,POINT (-122.40209 37.71606),,,POINT (-122.40209 37.71606)
,POINT (-122.40531 37.71728),,,POINT (-122.40531 37.71728)
,POINT (-122.40725 37.71782),,,POINT (-122.40725 37.71782)
,POINT (-122.40747 37.71787),,,POINT (-122.40747 37.71787)
,POINT (-122.43283 37.73404),,,POINT (-122.43283 37.73404)
,POINT (-122.43393 37.73426),,,POINT (-122.43393 37.73426)
,POINT (-122.26137 37.49092),,,POINT (-122.26137 37.49092)
,POINT (-122.26027 37.49122),,,POINT (-122.26027 37.49122)
,POINT (-122.2622 37.48879),,,POINT (-122.2622 37.48879)
,POINT (-122.26228 37.48836),,,POINT (-122.26228 37.48836)
,POINT (-122.48662 37.69592),,,POINT (-122.48662 37.69592)
,POINT (-122.48551 37.69594),,,POINT (-122.48551 37.69594)
,POINT (-122.48751 37.69593),,,POINT (-122.48751 37.69593)
,POINT (-122.48857 37.69594),,,POINT (-122.48857 37.69594)
,POINT (-122.48908 37.69593),,,POINT (-122.48908 37.69593)
,POINT (-122.48956 37.69593),,,POINT (-122.48956 37.69593)
,POINT (-122.49122 37.69594),,,POINT (-122.49122 37.69594)
,POINT (-122.49219 37.69594),,,POINT (-122.49219 37.69594)
,POINT (-122.49306 37.69595),,,POINT (-122.49306 37.69595)
,POINT (-122.49393 37.69594),,,POINT (-122.49393 37.69594)
,POINT (-122.48752 37.69538),,,POINT (-122.48752 37.69538)
,POINT (-122.33851 37.54944),,,POINT (-122.33851 37.54944)
,POINT (-122.33915 37.54964),,,POINT (-122.33915 37.54964)
,POINT (-122.4294 37.63992),,,POINT (-122.4294 37.63992)
,POINT (-122.42779 37.6407),,,POINT (-122.42779 37.6407)
,POINT (-122.43039 37.63945),,,POINT (-122.43039 37.63945)
,POINT (-122.4312 37.63906),,,POINT (-122.4312 37.63906)
,POINT (-122.43191 37.63873),,,POINT (-122.43191 37.63873)
,POINT (-122.43282 37.63829),,,POINT (-122.43282 37.63829)
,POINT (-122.43536 37.63697),,,POINT (-122.43536 37.63697)
,POINT (-122.45655 37.72758),,,POINT (-122.45655 37.72758)
,POINT (-122.45608 37.72759),,,POINT (-122.45608 37.72759)
,POINT (-122.4574 37.72759),,,POINT (-122.4574 37.72759)
,POINT (-122.45904 37.72758),,,POINT (-122.45904 37.72758)
,POINT (-122.45835 37.72759),,,POINT (-122.45835 37.72759)
,POINT (-122.45988 37.72757),,,POINT (-122.45988 37.72757)
,POINT (-122.46079 37.7276),,,POINT (-122.46079 37.7276)
,POINT (-122.46198 37.72746),,,POINT (-122.46198 37.72746)
,POINT (-122.34927 37.55465),,,POINT (-122.34927 37.55465)
,POINT (-122.35012 37.55636),,,POINT (-122.35012 37.55636)
,POINT (-122.4544 37.76523),,,POINT (-122.4544 37.76523)
,POINT (-122.45458 37.76616),,,POINT (-122.45458 37.76616)
,POINT (-122.45422 37.76433),,,POINT (-122.45422 37.76433)
,POINT (-122.45376 37.7619),,,POINT (-122.45376 37.7619)
,POINT (-122.45403 37.76272),,,POINT (-122.45403 37.76272)
,POINT (-122.45686 37.77738),,,POINT (-122.45686 37.77738)
,POINT (-122.45707 37.77819),,,POINT (-122.45707 37.77819)
,POINT (-122.45674 37.77681),,,POINT (-122.45674 37.77681)
,POINT (-122.45666 37.77641),,,POINT (-122.45666 37.77641)
,POINT (-122.45648 37.77548),,,POINT (-122.45648 37.77548)
,POINT (-122.4563 37.77454),,,POINT (-122.4563 37.77454)
,POINT (-122.20831 37.47158),,,POINT (-122.20831 37.47158)
,POINT (-122.20918 37.47213),,,POINT (-122.20918 37.47213)
,POINT (-122.20748 37.47105),,,POINT (-122.20748 37.47105)
,POINT (-122.20664 37.47053),,,POINT (-122.20664 37.47053)
,POINT (-122.19666 37.4384),,,POINT (-122.19666 37.4384)
,POINT (-122.19624 37.43892),,,POINT (-122.19624 37.43892)
,POINT (-122.39358 37.7294),,,POINT (-122.39358 37.7294)
,POINT (-122.39447 37.72953),,,POINT (-122.39447 37.72953)
,POINT (-122.39489 37.7296),,,POINT (-122.39489 37.7296)
,POINT (-122.39539 37.72966),,,POINT (-122.39539 37.72966)
,POINT (-122.39726 37.72994),,,POINT (-122.39726 37.72994)
,POINT (-122.39807 37.73004),,,POINT (-122.39807 37.73004)
,POINT (-122.39898 37.73017),,,POINT (-122.39898 37.73017)
,POINT (-122.28851 37.52278),,,POINT (-122.28851 37.52278)
,POINT (-122.29011 37.5235),,,POINT (-122.29011 37.5235)
,POINT (-122.45619 37.64744),,,POINT (-122.45619 37.64744)
,POINT (-122.45493 37.64744),,,POINT (-122.45493 37.64744)
,POINT (-122.27725 37.50463),,,POINT (-122.27725 37.50463)
,POINT (-122.27822 37.50527),,,POINT (-122.27822 37.50527)
,POINT (-122.33394 37.57245),,,POINT (-122.33394 37.57245)
,POINT (-122.33332 37.57288),,,POINT (-122.33332 37.57288)
,POINT (-122.33364 37.57217),,,POINT (-122.33364 37.57217)
,POINT (-122.33421 37.57269),,,POINT (-122.33421 37.57269)
,POINT (-122.45234 37.71995),,,POINT (-122.45234 37.71995)
,POINT (-122.45161 37.72107),,,POINT (-122.45161 37.72107)
,POINT (-122.4686 37.70315),,,POINT (-122.4686 37.70315)
,POINT (-122.4686 37.70501),,,POINT (-122.4686 37.70500999999999)
,POINT (-122.46862 37.70187),,,POINT (-122.46862 37.70187)
,POINT (-122.46799 37.69946),,,POINT (-122.46799 37.69945999999999)
,POINT (-122.468 37.70088),,,POINT (-122.468 37.70088)
,POINT (-122.46796 37.69765),,,POINT (-122.46796 37.69765)
,POINT (-122.46787 37.69682),,,POINT (-122.46787 37.69682)
,POINT (-122.46788 37.69765),,,POINT (-122.46788 37.69765)
,POINT (-122.39098 37.59651),,,POINT (-122.39098 37.59650999999999)
,POINT (-122.3918 37.59741),,,POINT (-122.3918 37.59741)
,POINT (-122.39354 37.59931),,,POINT (-122.39354 37.59931)
,POINT (-122.43354 37.65988),,,POINT (-122.43354 37.65988)
,POINT (-122.43337 37.66032),,,POINT (-122.43337 37.66032)
,POINT (-122.43301 37.66131),,,POINT (-122.43301 37.66131)
,POINT (-122.43277 37.66199),,,POINT (-122.43277 37.66199)
,POINT (-122.43242 37.66432),,,POINT (-122.43242 37.66432)
,POINT (-122.43306 37.66471),,,POINT (-122.43306 37.66471)
,POINT (-122.43518 37.46649),,,POINT (-122.43518 37.46649)
,POINT (-122.43687 37.46667),,,POINT (-122.43687 37.46667)
,POINT (-122.4344 37.46643),,,POINT (-122.4344 37.46643)
,POINT (-122.35858 37.57931),,,POINT (-122.35858 37.57931)
,POINT (-122.35803 37.57961),,,POINT (-122.35803 37.57961)
,POINT (-122.35898 37.57914),,,POINT (-122.35898 37.57914)
,POINT (-122.35924 37.579),,,POINT (-122.35924 37.579)
,POINT (-122.36025 37.5785),,,POINT (-122.36025 37.5785)
,POINT (-122.28678 37.52078),,,POINT (-122.28678 37.52078)
,POINT (-122.28772 37.52181),,,POINT (-122.28772 37.52181)
,POINT (-122.15622 37.46662),,,POINT (-122.15622 37.46662)
,POINT (-122.15587 37.46701),,,POINT (-122.15587 37.46700999999999)
,POINT (-122.15513 37.46913),,,POINT (-122.15513 37.46913)
,POINT (-122.15505 37.46954),,,POINT (-122.15505 37.46954)
,POINT (-122.15522 37.46868),,,POINT (-122.15522 37.46868)
,POINT (-122.1552 37.46876),,,POINT (-122.1552 37.46876)
,POINT (-122.15737 37.46506),,,POINT (-122.15737 37.46506)
,POINT (-122.15688 37.46595),,,POINT (-122.15688 37.46595)
,POINT (-122.15089 37.47965),,,POINT (-122.15089 37.47965)
,POINT (-122.15053 37.48048),,,POINT (-122.15053 37.48048)
,POINT (-122.36134 37.57696),,,POINT (-122.36134 37.57696)
,POINT (-122.36056 37.57744),,,POINT (-122.36056 37.57744)
,POINT (-122.3626 37.57617),,,POINT (-122.3626 37.57617)
,POINT (-122.36515 37.57408),,,POINT (-122.36515 37.57408)
,POINT (-122.36482 37.57417),,,POINT (-122.36482 37.57417)
,POINT (-122.41926 37.78356),,,POINT (-122.41926 37.78355999999999)
,POINT (-122.41762 37.78378),,,POINT (-122.41762 37.78378)
,POINT (-122.22031 37.47544),,,POINT (-122.22031 37.47544)
,POINT (-122.21944 37.4767),,,POINT (-122.21944 37.4767)
,POINT (-122.42086 37.78335),,,POINT (-122.42086 37.78335)
,POINT (-122.21888 37.47749),,,POINT (-122.21888 37.47749)
,POINT (-122.42253 37.78314),,,POINT (-122.42253 37.78314)
,POINT (-122.42097 37.78333),,,POINT (-122.42097 37.78333)
,POINT (-122.21698 37.4802),,,POINT (-122.21698 37.4802)
,POINT (-122.21642 37.48102),,,POINT (-122.21642 37.48102)
,POINT (-122.21446 37.48365),,,POINT (-122.21446 37.48365)
,POINT (-122.21341 37.4852),,,POINT (-122.21341 37.4852)
,POINT (-122.44902 37.62899),,,POINT (-122.44902 37.62899)
,POINT (-122.44949 37.6296),,,POINT (-122.44949 37.6296)
,POINT (-122.45 37.63021),,,POINT (-122.45 37.63021)
,POINT (-122.4505 37.63083),,,POINT (-122.4505 37.63083)
,POINT (-122.45174 37.63265),,,POINT (-122.45174 37.63265)
,POINT (-122.27837 37.49948),,,POINT (-122.27837 37.49948)
,POINT (-122.27787 37.49989),,,POINT (-122.27787 37.49989)
,POINT (-122.37845 37.73601),,,POINT (-122.37845 37.73601)
,POINT (-122.37942 37.73628),,,POINT (-122.37942 37.73628)
,POINT (-122.33176 37.54381),,,POINT (-122.33176 37.54381)
,POINT (-122.33015 37.54512),,,POINT (-122.33015 37.54512)
,POINT (-122.26658 37.45671),,,POINT (-122.26658 37.45671)
,POINT (-122.2676 37.45726),,,POINT (-122.2676 37.45726)
,POINT (-122.2625 37.45449),,,POINT (-122.2625 37.45449)
,POINT (-122.2626 37.45503),,,POINT (-122.2626 37.45503)
,POINT (-122.43353 37.78749),,,POINT (-122.43353 37.78749000000001)
,POINT (-122.4319 37.7877),,,POINT (-122.4319 37.7877)
,POINT (-122.4352 37.78728),,,POINT (-122.4352 37.78728)
,POINT (-122.42279 37.64592),,,POINT (-122.42279 37.64592)
,POINT (-122.42322 37.64646),,,POINT (-122.42322 37.64646)
,POINT (-122.42631 37.64591),,,POINT (-122.42631 37.64591)
,POINT (-122.42367 37.64694),,,POINT (-122.42367 37.64694)
,POINT (-122.47331 37.70505),,,POINT (-122.47331 37.70505)
,POINT (-122.47342 37.70538),,,POINT (-122.47342 37.70538)
,POINT (-122.47428 37.70584),,,POINT (-122.47428 37.70584)
,POINT (-122.47595 37.70619),,,POINT (-122.47595 37.70619)
,POINT (-122.4799 37.70715),,,POINT (-122.4799 37.70715)
,POINT (-122.48288 37.70693),,,POINT (-122.48288 37.70693)
,POINT (-122.30561 37.52585),,,POINT (-122.30561 37.52585)
,POINT (-122.30595 37.5264),,,POINT (-122.30595 37.5264)
,POINT (-122.47295 37.70552),,,POINT (-122.47295 37.70552)
,POINT (-122.26986 37.48958),,,POINT (-122.26986 37.48958)
,POINT (-122.26847 37.48974),,,POINT (-122.26847 37.48974)
,POINT (-122.22976 37.48226),,,POINT (-122.22976 37.48226)
,POINT (-122.22895 37.48298),,,POINT (-122.22895 37.48298)
,POINT (-122.22824 37.4836),,,POINT (-122.22824 37.4836)
,POINT (-122.45943 37.70791),,,POINT (-122.45943 37.70791)
,POINT (-122.45999 37.70827),,,POINT (-122.45999 37.70827)
,POINT (-122.46118 37.70911),,,POINT (-122.46118 37.70911)
,POINT (-122.46201 37.70963),,,POINT (-122.46201 37.70963)
,POINT (-122.27706 37.53673),,,POINT (-122.27706 37.53673)
,POINT (-122.27614 37.53771),,,POINT (-122.27614 37.53771)
,POINT (-122.27536 37.53908),,,POINT (-122.27536 37.53908)
,POINT (-122.27508 37.53976),,,POINT (-122.27508 37.53976)
,POINT (-122.19846 37.45918),,,POINT (-122.19846 37.45918)
,POINT (-122.19858 37.46125),,,POINT (-122.19858 37.46125)
,POINT (-122.19736 37.45864),,,POINT (-122.19736 37.45864)
,POINT (-122.34775 37.58462),,,POINT (-122.34775 37.58462)
,POINT (-122.34851 37.58512),,,POINT (-122.34851 37.58512)
,POINT (-122.34988 37.586),,,POINT (-122.34988 37.586)
,POINT (-122.35036 37.58689),,,POINT (-122.35036 37.58689)
,POINT (-122.34932 37.58628),,,POINT (-122.34932 37.58628)
,POINT (-122.34931 37.58687),,,POINT (-122.34931 37.58687)
,POINT (-122.4517 37.70698),,,POINT (-122.4517 37.70698)
,POINT (-122.44953 37.70772),,,POINT (-122.44953 37.70772)
,POINT (-122.45399 37.70603),,,POINT (-122.45399 37.70603)
,POINT (-122.45315 37.70645),,,POINT (-122.45315 37.70645)
,POINT (-122.45566 37.70546),,,POINT (-122.45566 37.70546)
,POINT (-122.45776 37.70476),,,POINT (-122.45776 37.70476)
,POINT (-122.45914 37.70432),,,POINT (-122.45914 37.70432)
,POINT (-122.35872 37.53762),,,POINT (-122.35872 37.53762)
,POINT (-122.35817 37.53796),,,POINT (-122.35817 37.53796)
,POINT (-122.35993 37.53732),,,POINT (-122.35993 37.53732)
,POINT (-122.36106 37.53699),,,POINT (-122.36106 37.53699)
,POINT (-122.3616 37.53682),,,POINT (-122.3616 37.53682)
,POINT (-122.16153 37.47008),,,POINT (-122.16153 37.47008)
,POINT (-122.16068 37.47175),,,POINT (-122.16068 37.47175)
,POINT (-122.15851 37.47603),,,POINT (-122.15851 37.47603)
,POINT (-122.15685 37.47925),,,POINT (-122.15685 37.47925)
,POINT (-122.1565 37.47995),,,POINT (-122.1565 37.47995)
,POINT (-122.2775 37.49513),,,POINT (-122.2775 37.49513)
,POINT (-122.27735 37.49537),,,POINT (-122.27735 37.49537)
,POINT (-122.25182 37.41659),,,POINT (-122.25182 37.41659)
,POINT (-122.25111 37.42114),,,POINT (-122.25111 37.42114)
,POINT (-122.27988 37.49392),,,POINT (-122.27988 37.49392)
,POINT (-122.27984 37.49769),,,POINT (-122.27984 37.49769000000001)
,POINT (-122.28017 37.4978),,,POINT (-122.28017 37.4978)
,POINT (-122.44431 37.62378),,,POINT (-122.44431 37.62378)
,POINT (-122.44393 37.6242),,,POINT (-122.44393 37.6242)
,POINT (-122.36007 37.57698),,,POINT (-122.36007 37.57698)
,POINT (-122.28023 37.49913),,,POINT (-122.28023 37.49913)